timeStamp,elapsed,label,responseCode,responseMessage,threadName,dataType,success,failureMessage,bytes,sentBytes,grpThreads,allThreads,URL,Latency,IdleTime,Connect
1737103424454,13,check header csv data ,200,OK,Thread Group 1-1,text,true,,0,0,1,1,null,0,0,0
1737103424467,13,check header csv CPM,200,OK,Thread Group 1-1,text,true,,0,0,1,1,null,0,0,0
1737103424480,8,Get Data From CSV  TestData,200,OK,Thread Group 1-1,text,true,,0,0,1,1,null,0,0,0
1737103424488,46,Get Data From CSV  TestDataCPM,200,OK,Thread Group 1-1,text,true,,0,0,1,1,null,0,0,0
1737103424535,1453,Login,200,OK,Thread Group 1-1,text,true,,1049,348,1,1,https://9f76480f-37f0-46c5-970b-e2145817ceb9.mock.pstmn.io/auth/login,1453,0,1021
1737103424534,1453,Login Controller,200,"Number of samples in transaction : 1, number of failing samples : 0",Thread Group 1-1,,true,,1049,348,1,1,null,1453,2,1021
1737103425990,717,GetAlert,200,OK,Thread Group 1-1,text,true,,2362,659,1,1,https://9f76480f-37f0-46c5-970b-e2145817ceb9.mock.pstmn.io/Fraud/GetAlert,717,0,0
1737103426708,995,GetReviewAndAction,200,OK,Thread Group 1-1,text,true,,27372,675,1,1,https://9f76480f-37f0-46c5-970b-e2145817ceb9.mock.pstmn.io/Fraud/GetReviewAndAction,995,0,0
1737103427704,1105,GetReviewAndActionByRuleCode,200,OK,Thread Group 1-1,text,true,,33778,712,1,1,https://9f76480f-37f0-46c5-970b-e2145817ceb9.mock.pstmn.io/Fraud/GetReviewAndActionByRuleCode,819,0,0
1737103433814,1041,CallProcessManager,200,OK,Thread Group 1-1,text,true,,398,73565,1,1,https://9f76480f-37f0-46c5-970b-e2145817ceb9.mock.pstmn.io/api/Fraud/CallProcessManager,1041,0,0
1737103439880,596,ConfirmFraud,200,OK,Thread Group 1-1,text,true,,492,586068,1,1,https://9f76480f-37f0-46c5-970b-e2145817ceb9.mock.pstmn.io/Fraud/ConfirmFraud,596,0,0
1737103445476,1888,UpdateStatusReassign,200,OK,Thread Group 1-1,text,true,,487,584902,1,1,https://9f76480f-37f0-46c5-970b-e2145817ceb9.mock.pstmn.io/Fraud/UpdateStatusReassign,1888,0,638
1737103452370,1841,UpdateGenuine,200,OK,Thread Group 1-1,text,true,,487,584924,1,1,https://9f76480f-37f0-46c5-970b-e2145817ceb9.mock.pstmn.io/Fraud/UpdateGenuine,1841,0,628
1737103459219,2549,UpdateGenuineSC,200,OK,Thread Group 1-1,text,true,,487,584924,1,1,https://9f76480f-37f0-46c5-970b-e2145817ceb9.mock.pstmn.io/Fraud/UpdateGenuineSC,2549,0,916
1737103466773,1984,AddMemo,200,OK,Thread Group 1-1,text,true,,487,584896,1,1,https://9f76480f-37f0-46c5-970b-e2145817ceb9.mock.pstmn.io/Fraud/AddMemo,1984,0,598
1737103473763,1761,GetMemo,200,OK,Thread Group 1-1,text,true,,33191,660,1,1,https://9f76480f-37f0-46c5-970b-e2145817ceb9.mock.pstmn.io/Fraud/GetMemo,1454,0,634
1737103475543,805,SearchTransHistory,200,OK,Thread Group 1-1,text,true,,391,771,1,1,http://9f76480f-37f0-46c5-970b-e2145817ceb9.mock.pstmn.io/Fraud/SearchTransHistory,805,0,382
1737103476349,449,GetAllFieldName,200,OK,Thread Group 1-1,text,true,,14021,639,1,1,https://9f76480f-37f0-46c5-970b-e2145817ceb9.mock.pstmn.io/Fraud/GetAllFieldName,449,0,0
1737103476800,434,CheckState,200,OK,Thread Group 1-1,text,true,,1336,696,1,1,https://9f76480f-37f0-46c5-970b-e2145817ceb9.mock.pstmn.io/Fraud/CheckState,434,0,0
1737103425989,16165,Transaction Controller,200,"Number of samples in transaction : 13, number of failing samples : 0",Thread Group 1-1,,true,,115289,3004091,1,1,null,15572,35083,3796
